name,link,new_price,old_price,reviews,characteristics
Ноутбук ASUS Laptop X515JA-BQ4176,https://rozetka.com.ua/ua/asus-90nb0sr1-m02yz0/p371199345/,25499,29999,5,"(90NB0SR1-M02YZ0) Slate Grey / 15.6"" IPS Full HD / Intel Core i7-1065G7 / RAM 16 ГБ / SSD 1 ТБ"
Ноутбук Acer Aspire 5 A515-57G-37UE,https://rozetka.com.ua/ua/acer-nxk9teu004/p359979255/,25999,29999,25,"(NX.K9TEU.004) Steel Gray / Intel Core i3-1220P / RAM 8 ГБ / SSD 512 ГБ / nVidia GeForce RTX 2050, 4 ГБ"
Ноутбук HP Laptop 17-cp0035ua,https://rozetka.com.ua/ua/hp-4a7p3ea/p345457435/,28999,30999,7,(4A7P3EA) Natural Silver / AMD Ryzen 7 5700U / RAM 16 ГБ / SSD 512 ГБ
Ноутбук Lenovo IdeaPad Slim 5 16IAH8,https://rozetka.com.ua/ua/lenovo-83bg001ara/p379912026/,27999,32999,2,"(83BG001ARA) Cloud Grey / 16"" IPS WUXGA / Intel Core i5-12450H / RAM 16 ГБ / SSD 512 ГБ"
Ноутбук ASUS ROG Strix G17 2023 G713PI-HX049,https://rozetka.com.ua/ua/asus-90nr0gg4-m005t0/p385973961/,78999,94999,,"(90NR0GG4-M005T0) Eclipse Gray / 17.3"" IPS Full HD 144 Гц / AMD Ryzen 9 7845HX / RAM 16 ГБ / SSD 1 ТБ / nVidia GeForce RTX 4070"
Ноутбук Acer Swift 1 SF114-34-P1A1,https://rozetka.com.ua/ua/acer_nx_a77eu_00v/p282363393/,15555,19999,65,(NX.A77EU.00V) Pure Silver / Intel Pentium Silver N6000 / RAM 8 ГБ / SSD 256 ГБ
Ноутбук HP Victus 15-fb0006ua,https://rozetka.com.ua/ua/hp-6g6w3ea/p388206213/,37999,39999,,"(6G6W3EA) Performance Blue / AMD Ryzen 5 5600H / RAM 16 ГБ / SSD 512 ГБ / nVidia GeForce RTX 3050, 4 ГБ"
Ноутбук Lenovo IdeaPad 1 15IGL7,https://rozetka.com.ua/ua/lenovo-82v7006tra/p363053574/,13799,14599,6,(82V7006TRA) Cloud Grey / Intel Pentium Silver N5030 / RAM 8 ГБ / SSD 512 ГБ
Ноутбук ASUS TUF Gaming F15 FX506LHB-HN326,https://rozetka.com.ua/ua/asus-90nr03u2-m008f0/p363970554/,28499,32499,19,"(90NR03U2-M008F0) Bonfire Black / 15.6"" IPS Full HD 144 Гц / Intel Core i5-10300H / RAM 8 ГБ / SSD 512 ГБ / nVidia GeForce GTX 1650 + Рюкзак ASUS TUF Gaming backpack"
Ноутбук Acer Aspire 5 A515-56-54B2,https://rozetka.com.ua/ua/acer-nxa8neu001/p367531242/,24999,29999,25,(NX.A8NEU.001) Glacier Blue / Intel Core i5-1135G7 / RAM 16 ГБ / SSD 512 ГБ
Ноутбук HP Laptop 17-cp0036ua,https://rozetka.com.ua/ua/hp-4a7p4ea/p373682910/,25999,28999,4,(4A7P4EA) Natural Silver / AMD Ryzen 5 5500U / RAM 16 ГБ / SSD 512 ГБ
Ноутбук Lenovo IdeaPad Gaming 3 15IHU6,https://rozetka.com.ua/ua/lenovo-82k101fjra/p350001258/,25999,34999,52,"(82K101FJRA) Shadow Black / 15.6"" IPS Full HD / Intel Core i5-11320H / RAM 8 ГБ / SSD 256 ГБ / nVidia GeForce GTX 1650"
Ноутбук ASUS Vivobook Go 15 E1504FA-BQ092,https://rozetka.com.ua/ua/asus-90nb0zr1-m00420/p379718103/,16499,18499,3,"(90NB0ZR1-M00420) Cool Silver / 15.6"" IPS Full HD / AMD Ryzen 3 7320U / RAM 8 ГБ / SSD 256 ГБ"
Ноутбук Acer Aspire 5 A515-45G-R38Y,https://rozetka.com.ua/ua/acer-nxa8beu005/p363142902/,21999,25999,157,"(NX.A8BEU.005) Charcoal Black/ AMD Ryzen 5 5500U / RAM 8 ГБ / SSD 512 ГБ / AMD Radeon RX 640, 2 ГБ"
Ноутбук HP Victus 15-fb0013ua,https://rozetka.com.ua/ua/hp-6g6x3ea/p388210008/,41999,44999,,"(6G6X3EA) Mica Silver / AMD Ryzen 7 5800H / RAM 16 ГБ / SSD 512 ГБ / nVidia GeForce RTX 3050, 4 ГБ"
Ноутбук Lenovo IdeaPad Gaming 3 15ACH6,https://rozetka.com.ua/ua/lenovo-82k201nxra/p350001612/,38999,46999,24,(82K201NXRA) Shadow Black / AMD Ryzen 7 5800H / RAM 16 ГБ / SSD 512 ГБ / nVidia GeForce RTX 3050 Ti
Ноутбук ASUS TUF Gaming A15,https://rozetka.com.ua/ua/asus-90nr0eb5-m005y0/p386409057/,47999,54999,,(2023) FA507NU-LP031
Ноутбук Acer Aspire 3 A315-58-354Q,https://rozetka.com.ua/ua/acer-nxaddeu005/p371130510/,12999,15999,5,(NX.ADDEU.005) Pure Silver / Intel Core i3-1115G4 / RAM 4 ГБ / SSD 128 ГБ
Ноутбук HP 250 G8,https://rozetka.com.ua/ua/hp-3v5f7ea/p366283953/,13499,14855,2,(3V5F7EA) Dark Ash Silver / Intel Pentium Silver N5030 / RAM 8 ГБ / SSD 256 ГБ
Ноутбук ASUS Vivobook Go 15 E1504FA-BQ154WS,https://rozetka.com.ua/ua/asus-90nb0zr1-m006x0/p374737320/,17999,25999,5,(90NB0ZR1-M006X0) Cool Silver / AMD Ryzen 3 7320U / RAM 8 ГБ / SSD 256 ГБ / Windows 11 Home
Ноутбук Acer Nitro 5 AN515-57-53P6,https://rozetka.com.ua/ua/acer-nhqeleu00z/p383717991/,38999,41999,10,"(NH.QELEU.00Z) Shale Black / Intel Core i5-11400H / RAM 16 ГБ / SSD 1 ТБ / nVidia GeForce RTX 3050, 4 ГБ"
Ноутбук HP Victus 15-fb0015ua,https://rozetka.com.ua/ua/hp-6g723ea/p388212432/,43999,47999,,"(6G723EA) Performance Blue / AMD Ryzen 7 5800H / RAM 16 ГБ / SSD 512 ГБ / nVidia GeForce RTX 3050 Ti, 4 ГБ"
Ноутбук Lenovo IdeaPad 1 15IAU7,https://rozetka.com.ua/ua/lenovo-82qd004ara/p349990281/,18999,27999,21,(82QD004ARA) Cloud Grey / Intel Core i5-1235U / RAM 8 ГБ / SSD 256 ГБ
Ноутбук ASUS Vivobook 15 X1504VA-BQ003,https://rozetka.com.ua/ua/asus-90nb10j1-m00030/p372823491/,28999,31999,6,"(90NB10J1-M00030) Quiet Blue / 15.6"" IPS Full HD / Intel Core i5-1335U / RAM 16 ГБ / SSD 512 ГБ"
Ноутбук Acer Aspire 3 A315-35-C654,https://rozetka.com.ua/ua/acer_nx_a6leu_01a/p282334828/,10999,13999,46,(NX.A6LEU.01A) Pure Silver / Intel Celeron N4500 / RAM 4 ГБ / SSD 128 ГБ
Ноутбук HP Laptop 15s-eq2003ua,https://rozetka.com.ua/ua/hp_422f0ea/p298117523/,16999,19999,5,(422F0EA) Natural Silver / AMD Ryzen 3 5300U / RAM 8 ГБ / SSD 256 ГБ
Ноутбук ASUS ROG Strix G15 G513IC-HN002,https://rozetka.com.ua/ua/asus-90nr0502-m008d0/p368680098/,36999,43999,11,"(90NR0502-M008D0) Eclipse Gray / 15.6"" IPS Full HD 144 Гц / AMD Ryzen 7 4800H / RAM 8 ГБ / SSD 512 ГБ / nVidia GeForce RTX 3050"
Ноутбук Acer Aspire 3 A315-24P-R3E5,https://rozetka.com.ua/ua/acer-nxkdeeu00q/p384040191/,19999,21999,,(NX.KDEEU.00Q) Pure Silver / AMD Ryzen 5 7520U / RAM 8 ГБ / SSD 512 ГБ
Ноутбук HP 250 G8,https://rozetka.com.ua/ua/hp-3v5f9ea/p366147747/,11499,13655,,(3V5F9EA) Dark Ash Silver / Intel Celeron N4020 / RAM 8 ГБ / SSD 256 ГБ
Ноутбук Lenovo IdeaPad Gaming 3 15ACH6,https://rozetka.com.ua/ua/lenovo-82k201kbra/p334704841/,32499,34999,1,(82K201KBRA) Shadow Black / AMD Ryzen 7 5800H / RAM 16 ГБ / SSD 512 ГБ / nVidia GeForce GTX 1650
Ноутбук ASUS TUF Gaming F15 FX506H-HN011,https://rozetka.com.ua/ua/asus-90nr0704-m00aa0/p386994180/,32999,36999,1,"(90NR0704-M00AA0) Graphite Black / 15.6"" IPS Full HD 144 Гц / Intel Core i5-11400H / RAM 8 ГБ / SSD 512 ГБ / nVi"
Ноутбук Dell Inspiron 5510,https://rozetka.com.ua/ua/dell-i5558s3niw-90s/p380668899/,24999,29999,,(I5558S3NIW-90S) Silver / Intel Core i5-11300H / RAM 8 ГБ / SSD 512 ГБ / Windows 11 Home
Ноутбук HP Laptop 17-cp0044ua,https://rozetka.com.ua/ua/hp-6b4a6ea/p372870540/,15999,18999,9,(6B4A6EA) Natural Silver / AMD Athlon 3150U / RAM 8 ГБ / SSD 256 ГБ
Ноутбук Lenovo V15 G2 ALC,https://rozetka.com.ua/ua/lenovo-82kd002rra/p361043535/,18999,20999,,(82KD002RRA) Black / AMD Ryzen 5 5500U / RAM 8 ГБ / SSD 256 ГБ
Ноутбук ASUS Vivobook 15X OLED X1503ZA-L1316,https://rozetka.com.ua/ua/asus-90nb0wy1-m00ta0/p380667921/,25999,,10,"(90NB0WY1-M00TA0) Quiet Blue / 15.6"" OLED Full HD / Intel Core i5-12500H / RAM 8 ГБ / SSD 512 ГБ"
Ноутбук Dell Inspiron 3525,https://rozetka.com.ua/ua/dell-i35716s3niw-25b/p384979461/,28888,30999,4,(I35716S3NIW-25B) Silver / AMD Ryzen 7 5700U / RAM 16 ГБ / SSD 512 ГБ / Windows 11 Home
Ноутбук HP Victus 15-fb0007ua,https://rozetka.com.ua/ua/hp-6g6w5ea/p388208910/,38999,41999,,"(6G6W5EA) Performance Blue / AMD Ryzen 5 5600H / RAM 16 ГБ / SSD 512 ГБ / nVidia GeForce RTX 3050 Ti, 4 ГБ"
Ноутбук Lenovo Legion 5 15ARH7H,https://rozetka.com.ua/ua/lenovo-82rd00axra/p364504575/,49999,60999,1,"(82RD00AXRA) Storm Grey / 15.6"" IPS WQHD 165 Гц / AMD Ryzen 5 6600H / RAM 16 ГБ / SSD 512 ГБ / nVidia GeForce RTX 3060"
Ноутбук ASUS ROG Strix G17 2023 G713PV-LL068,https://rozetka.com.ua/ua/asus-90nr0c34-m006p0/p381548904/,69999,82999,1,"(90NR0C34-M006P0) Eclipse Gray / 17.3"" IPS WQHD 240 Гц / AMD Ryzen 9 7845HX / RAM 16 ГБ / SSD 1 ТБ / nVidia GeForce RTX 4060"
Ноутбук Acer Swift 1 SF114-34-C25X,https://rozetka.com.ua/ua/acer-nxa77eu00a/p377333553/,12999,16999,6,(NX.A77EU.00A) Pure Silver / Intel Celeron N4500 / RAM 4 ГБ / SSD 256 ГБ
Ноутбук HP Laptop 15s-eq2054ua,https://rozetka.com.ua/ua/hp-4a7n9ea/p313552408/,19999,22999,21,(4A7N9EA) Natural Silver / AMD Ryzen 5 5500U / RAM 8 ГБ / SSD 512 ГБ
Ноутбук ASUS TUF Gaming F17,https://rozetka.com.ua/ua/asus-90nr0gx2-m003v0/p386409048/,40999,42999,4,(2022) FX707ZC4-HX028
Ноутбук Acer Aspire 3 A315-35-P9Q4,https://rozetka.com.ua/ua/acer-nxa6leu027/p369755118/,13999,15999,9,(NX.A6LEU.027) Pure Silver / Intel Pentium Silver N6000 / RAM 4 ГБ / SSD 128 ГБ / Windows 11 Home
Ноутбук ASUS ROG Strix G17 G713RC-HX011,https://rozetka.com.ua/ua/asus-90nr08f4-m000p0/p339528712/,41999,46999,7,"(90NR08F4-M000P0) Eclipse Gray / 17.3"" IPS / AMD Ryzen 7 6800H / RAM 8 ГБ / SSD 512 ГБ / nVidia GeForce RTX 3050"
Ноутбук Dell Vostro 15 3501,https://rozetka.com.ua/ua/dell-dvos3501i316256we/p363131829/,19299,,1,(DVOS3501I316256WE) Black
Ноутбук HP 250 G9,https://rozetka.com.ua/ua/hp-724p8ea/p376078542/,13199,16599,,(724P8EA) Black / Intel Pentium Silver N6000 / RAM 4 ГБ / SSD 128 ГБ / Windows 11 Pro
Ноутбук ASUS TUF Gaming A15,https://rozetka.com.ua/ua/asus-90nr0e88-m004h0/p386766864/,51999,59999,27,(2023) FA507NV-LP031
Ноутбук Dell Vostro 15 3501,https://rozetka.com.ua/ua/dell-dvos3501i38256we/p363131835/,17499,,,(DVOS3501I38256WE) Black
Ноутбук Acer Aspire 3 A315-59G-74TN,https://rozetka.com.ua/ua/acer-nxk6weu009/p375930459/,35999,,1,(NX.K6WEU.009) Pure Silver
Ноутбук HP 255 G8,https://rozetka.com.ua/ua/hp-3v5h6ea/p329345866/,19255,,20,(3V5H6EA) Dark Ash Silver
Ноутбук Acer Aspire 3 A315-58-33QL,https://rozetka.com.ua/ua/acer-nxadgeu00x/p382850334/,16499,,,(NX.ADGEU.00X) Electric Blue
Ноутбук HP 250 G9,https://rozetka.com.ua/ua/hp-724p9ea/p376074519/,28455,,,(724P9EA) Gray
Ноутбук ASUS VivoBook 16 X1605ZA-MB315,https://rozetka.com.ua/ua/asus-90nb0za3-m00h50/p379866471/,22999,25999,,"(90NB0ZA3-M00H50) Indie Black / 16"" IPS WUXGA+ / Intel Core i3-1215U / RAM 16 ГБ / SSD 512 ГБ"
Ноутбук Dell Vostro 15 3520,https://rozetka.com.ua/ua/dell-n2061pvnb3520ua-w11p/p385573677/,23899,,,(N2061PVNB3520UA_W11P) Black
Ноутбук ASUS ROG Strix G16 2023 G614JV-N3106,https://rozetka.com.ua/ua/asus-90nr0c61-m00ca0/p381537750/,59999,69999,,"(90NR0C61-M00CA0) Eclipse Gray / 16"" IPS FHD+ 165 Гц / Intel Core i5-13450HX / RAM 16 ГБ / SSD 512 ГБ / nVidia GeForce RTX 4060"
Ноутбук Acer Aspire 5 A515-47-R081,https://rozetka.com.ua/ua/acer-nxk82eu004/p384513474/,19499,,2,(NX.K82EU.004) Steel Gray
Ноутбук HP 250 G9,https://rozetka.com.ua/ua/hp-723r2ea/p376091670/,38399,,,(723R2EA) Gray
Ноутбук ASUS Laptop X515EA-BQ1189,https://rozetka.com.ua/ua/asus-90nb0ty1-m23270/p347052162/,15999,16999,21,(90NB0TY1-M23270) Slate Grey / Intel Core i3-1115G4 / RAM 8 ГБ / SSD 256 ГБ
Ноутбук Dell Vostro 15 3520,https://rozetka.com.ua/ua/dell-n5315pvnb3520ua-ubu/p374482296/,30799,,,(N5315PVNB3520UA_UBU) Black
Ноутбук HP 470 G9,https://rozetka.com.ua/ua/hp-4z7d6av-v4/p381686268/,47199,,,(4Z7D6AV_V4) Silver
Ноутбук ASUS TUF Gaming F15 FX506LHB-HN324,https://rozetka.com.ua/ua/asus-90nr03u2-m008h0/p356165562/,29999,33999,57,"(90NR03U2-M008H0) Bonfire Black / 15.6"" IPS Full HD 144 Гц / Intel Core i5-10300H / RAM 16 ГБ / SSD 512 ГБ / nVidia GeForce GTX 1650"
Ноутбук Acer Nitro 5 AN517-55-52BD,https://rozetka.com.ua/ua/acer-nhqg1eu007/p371923776/,43999,44999,2,(NH.QG1EU.007) Obsidian Black
Ноутбук HP EliteBook 655 G10,https://rozetka.com.ua/ua/hp-75g84av-v1/p381495612/,40799,,,(75G84AV_V1) Silver
Ноутбук ASUS TUF Gaming A15,https://rozetka.com.ua/ua/asus-90nr0ff5-m004j0/p386994774/,75999,79999,1,(2023) FA507XI-HQ063
Ноутбук Acer Extensa 15 EX215-22-R19V,https://rozetka.com.ua/ua/acer-nxeg9eu010/p363203673/,18999,,6,(NX.EG9EU.010) Shale Black
Ноутбук HP EliteBook 650 G9,https://rozetka.com.ua/ua/hp-6n4k1av-v4/p381535317/,50055,,,(6N4K1AV_V4) Silver
Ноутбук Acer Swift 3 SF314-71-58HC,https://rozetka.com.ua/ua/acer-nxkadeu001/p371030394/,29999,,3,(NX.KADEU.001) Steel Gray
Ноутбук HP Pavilion 15-eg2036ua,https://rozetka.com.ua/ua/hp-834f3ea/p384768783/,34799,,,(834F3EA) Silver
Ноутбук ASUS VivoBook 16 X1605EA-MB051,https://rozetka.com.ua/ua/asus-90nb0ze2-m00230/p370874502/,24999,27499,4,"(90NB0ZE2-M00230) Transparent Silver / 16"" IPS WUXGA+ / Intel Core i5-1135G7 / RAM 16 ГБ / SSD 512 ГБ"
Ноутбук Acer Extensa 15 EX215-32-C5K0,https://rozetka.com.ua/ua/acer-nxegneu00c/p371114895/,11999,,3,(NX.EGNEU.00C) Charcoal Black
Ноутбук HP Laptop 15-fc0009ua,https://rozetka.com.ua/ua/hp-835k5ea/p383492238/,25299,,,(835K5EA) Moonlight blue
Ноутбук Acer Aspire 3 A315-35-P31Z,https://rozetka.com.ua/ua/acer-nxa6leu00m/p366653697/,12999,,1,(NX.A6LEU.00M) Pure Silver
Ноутбук HP Pavilion 15-eg3037ua,https://rozetka.com.ua/ua/hp-834f8ea/p385269423/,29679,,,(834F8EA) Fog Blue
Ноутбук ASUS TUF Gaming F15 FX506HF-HN018,https://rozetka.com.ua/ua/asus-90nr0hb4-m00510/p386523126/,31999,35999,,"(90NR0HB4-M00510) Graphite Black / 15.6"" IPS Full HD 144 Гц / Intel Core i5-11400H / RAM 16 ГБ / SSD 512 ГБ / nVidia GeForce RTX 2050"
Ноутбук Acer Nitro 5 AN515-58-77YP,https://rozetka.com.ua/ua/acer-nhqfmeu008/p349456194/,57999,,,(NH.QFMEU.008) Obsidian Black
Ноутбук ASUS ROG Strix G15 G513RC-HN038,https://rozetka.com.ua/ua/asus-90nr08a5-m002a0/p342602632/,39999,40999,12,"(90NR08A5-M002A0) Eclipse Gray / 15.6"" IPS Full HD 144 Гц / AMD Ryzen 7 6800H / RAM 8 ГБ / SSD 512 ГБ / nVidia GeForce RTX 3050"
Ноутбук Dell Latitude 5540,https://rozetka.com.ua/ua/dell-n095l554015ua-ubu/p380669526/,65199,70999,,(N095L554015UA_UBU) Grey
Ноутбук Dell Vostro 15 3515,https://rozetka.com.ua/ua/dell-n6262vn3515ua-ubu/p322368373/,21999,,9,(N6262VN3515UA_UBU) Black
Ноутбук ASUS Laptop X515EA-EJ1414,https://rozetka.com.ua/ua/asus-90nb0ty2-m23260/p362812404/,13499,14999,25,(90NB0TY2-M23260) Transparent Silver / Intel Pentium Gold 7505 / RAM 8 ГБ / SSD 256 ГБ
"Ноутбук Apple MacBook Air 15.3"" M2 8/256GB 2023",https://rozetka.com.ua/ua/apple-mqkp3ua-a/p382597554/,62499,69499,,(MQKP3UA/A) Space Grey
Ноутбук ASUS ROG Strix G17 G713RC-HX032,https://rozetka.com.ua/ua/asus-90nr08f4-m001u0/p385193877/,43999,44999,5,(90NR08F4-M001U0) Eclipse Gray
"Ноутбук Apple MacBook Air 15.3"" M2 8/256GB 2023",https://rozetka.com.ua/ua/apple-mqkw3ua-a/p382597605/,62499,69499,1,(MQKW3UA/A) Midnight
Ноутбук Lenovo IdeaPad Gaming 3 15IAH7,https://rozetka.com.ua/ua/lenovo-82s900exra/p356015028/,44999,47999,12,"(82S900EXRA) Onyx Grey / 15.6"" IPS Full HD 120 Гц / Intel Core i5-12450H / RAM 16 ГБ / SSD 512 ГБ / nVidia GeForce RTX 3060"
Ноутбук ASUS Vivobook 15 X1500EA-BQ3355,https://rozetka.com.ua/ua/asus-90nb0ty5-m04fb0/p379879416/,23999,29999,1,"(90NB0TY5-M04FB0) Indie Black / 15.6"" IPS Full HD / Intel Core i5-1135G7 / RAM 16 ГБ / SSD 1 ТБ"
"Ноутбук Apple MacBook Pro 14"" M2 Pro 16/1TB 2023",https://rozetka.com.ua/ua/apple-mphj3ua-a/p364918734/,123499,139999,5,(MPHJ3UA/A) Silver
"Ноутбук Apple MacBook Air 15.3"" M2 8/256GB 2023",https://rozetka.com.ua/ua/apple-mqku3ua-a/p382595691/,62499,69499,,(MQKU3UA/A) Starlight
Ноутбук ASUS ROG Strix Scar 17,https://rozetka.com.ua/ua/asus-90nr0dc4-m004p0/p381777357/,129999,,,(2023) G733PZ-LL067W
Ноутбук Lenovo IdeaPad Gaming 3 15IHU6,https://rozetka.com.ua/ua/lenovo-82k10190ra/p363004722/,33999,39999,5,"(82K10190RA) Shadow Black / 15.6"" IPS Full HD 120 Гц / Intel Core i5-11320H / RAM 16 ГБ / SSD 512 ГБ / nVidia GeForce RTX 3050"
"Ноутбук Apple MacBook Pro 14"" M2 Pro 16/512GB 2023",https://rozetka.com.ua/ua/apple-mphe3ua-a/p364911351/,97999,110999,9,(MPHE3UA/A) Space Gray
Ноутбук ASUS ExpertBook B1 B1500CEAE-BQ2740,https://rozetka.com.ua/ua/asus-90nx0441-m00l10/p358831593/,13999,,4,(90NX0441-M00L10) Star Black
"Ноутбук Apple MacBook Air 15.3"" M2 8/256GB 2023",https://rozetka.com.ua/ua/apple-mqkr3ua-a/p382578243/,62499,69499,,(MQKR3UA/A) Silver
Ноутбук Xiaomi Mi RedmiBook 15,https://rozetka.com.ua/ua/xiaomi-jyu4436id/p357063000/,15999,21999,9,(JYU4436ID) Charcoal Gray
Ноутбук ASUS Laptop X515EA-BQ1185,https://rozetka.com.ua/ua/asus-90nb0ty1-m01dk0/p359782218/,20499,,1,(90NB0TY1-M01DK0) Slate Grey
"Ноутбук Apple MacBook Air 13.6"" M2 8/512GB 2022",https://rozetka.com.ua/ua/apple-macbook-air-136-m2-512gb-2022-space-gray/p343437601/,69499,77499,9,(MLXX3UA/A) Space Gray
Ноутбук Lenovo IdeaPad 3 15ITL6,https://rozetka.com.ua/ua/lenovo-82h803bera/p372171834/,16999,19499,,(82H803BERA) Arctic Grey / Intel Core i3-1115G4 / RAM 12 ГБ / SSD 512 ГБ
Ноутбук Pixus Rise Grey / Intel Celeron N3350 / RAM 4 ГБ / eMMC 64 ГБ,https://rozetka.com.ua/ua/pixus_rise_grey/p244068349/,7999,10999,183,(90NB11A1-M003F0) Indie Black
Ноутбук ASUS Zenbook S 13 OLED UX5304VA-NQ085,https://rozetka.com.ua/ua/asus-90nb0z92-m00500/p386168538/,52999,,,(90NB0Z92-M00500) Basalt Grey
Ноутбук Lenovo IdeaPad Gaming 3 15ACH6,https://rozetka.com.ua/ua/lenovo-82k2021cra/p365056008/,42999,,2,(82K2021CRA) Shadow Black
Ноутбук Lenovo IdeaPad 1 15ADA7,https://rozetka.com.ua/ua/lenovo-82r1007tra/p349968489/,12999,18999,41,(82R1007TRA) Cloud Grey / AMD Athlon Silver 3050U / RAM 8 ГБ / SSD 256 ГБ
Ноутбук Lenovo IdeaPad Gaming 3 16IAH7,https://rozetka.com.ua/ua/lenovo-82sa00gbra/p361203264/,49999,,1,"(82SA00GBRA) Onyx Grey / 16"" IPS WUXGA+ 165 Гц / Intel Core i5-12450H / RAM 16 ГБ / SSD 1 ТБ / nVidia GeForce RTX 3060"
Ноутбук Lenovo ThinkBook 16 G4+ IAP,https://rozetka.com.ua/ua/lenovo-21cy0013ra/p361388916/,42199,,,(21CY0013RA) Arctic Grey
Ноутбук Lenovo IdeaPad 1 15ADA7,https://rozetka.com.ua/ua/lenovo-82r10048ra/p359410239/,15999,,2,(82R10048RA) Cloud Grey / AMD Ryzen 3 3250U / RAM 8 ГБ / SSD 256 ГБ
Ноутбук ASUS Vivobook Pro 16 K6602ZC-N1129,https://rozetka.com.ua/ua/asus-90nb0z51-m006s0/p372459987/,39999,,10,(90NB0Z51-M006S0) Quiet Blue
Ноутбук ASUS VivoBook 16 X1605ZA-MB531,https://rozetka.com.ua/ua/asus-90nb0za3-m00h30/p386525877/,27999,,,(90NB0ZA3-M00H30) Indie Black
Ноутбук Lenovo Legion 5 17ACH6,https://rozetka.com.ua/ua/lenovo-82k000agra/p361898262/,42999,48499,3,"(82K000AGRA) Phantom Blue / 17.3"" IPS 144 Гц / AMD Ryzen 5 5600H / RAM 16 ГБ / SSD 512 ГБ / nVidia GeForce RTX 3050"
Ноутбук Lenovo Legion 5 15ACH6H,https://rozetka.com.ua/ua/lenovo-82ju01c0ra/p361890315/,65999,67999,1,"(82JU01C0RA) Phantom Blue / 15.6"" IPS Full HD 165 Гц / AMD Ryzen 5 5600H / RAM 16 ГБ / SSD 1 ТБ / nVidia GeForce RTX 3070"
Ноутбук ASUS ROG Strix Scar 17,https://rozetka.com.ua/ua/asus-90nr0db4-m003n0/p383235789/,169999,,,(2023) G733PY-LL042X
Ноутбук ASUS VivoBook 16 X1605EA-MB052,https://rozetka.com.ua/ua/asus-90nb0ze3-m00240/p361111500/,17499,,2,(90NB0ZE3-M00240) Indie Black
Ноутбук ASUS Vivobook 15X K3504ZA-BQ034,https://rozetka.com.ua/ua/asus-90nb11s2-m001d0/p388436862/,27999,,,(90NB11S2-M001D0) Cool Silver
Ноутбук ASUS Vivobook S 15 OLED M3502QA-L1209,https://rozetka.com.ua/ua/asus-90nb0xx2-m009w0/p365473623/,30999,36599,5,"(90NB0XX2-M009W0) Indie Black / 15.6"" OLED Full HD / AMD Ryzen 7 5800H / RAM 16 ГБ / SSD 512 ГБ"
Ноутбук Lenovo IdeaPad 5 14IAL7,https://rozetka.com.ua/ua/lenovo-82sd00djra/p379852206/,27799,,,(82SD00DJRA) Storm Grey
Ноутбук Lenovo IdeaPad Flex 5 16IAU7,https://rozetka.com.ua/ua/lenovo-82r8009pra/p372285330/,37399,,,(82R8009PRA) Cloud Grey / Intel Core i7-1255U / RAM 16 ГБ / SSD 512 ГБ / Windows 11 Home
Ноутбук Acer Aspire 3 A315-35-C4TP,https://rozetka.com.ua/ua/acer_nx_a6leu_00d/p277503488/,10499,,5,(NX.A6LEU.00D) Pure Silver
Ноутбук Acer Extensa 15 EX215-32-P785,https://rozetka.com.ua/ua/acer-nxegneu006/p332403181/,13999,,7,(NX.EGNEU.006) Charcoal Black
Ноутбук ASUS TUF Gaming A15 FA506ICB-HN105,https://rozetka.com.ua/ua/asus-90nr0667-m00dw0/p370098735/,31999,,5,(90NR0667-M00DW0) Graphite Black
Ноутбук ASUS VivoBook S 14X OLED S5402ZA-M9188,https://rozetka.com.ua/ua/asus-90nb0x33-m008u0/p382276632/,37999,,,(90NB0X33-M008U0) Solar Silver
Ноутбук ASUS Vivobook 16X M1603QA-MB194,https://rozetka.com.ua/ua/asus-90nb0y81-m00bn0/p365424939/,23999,28999,1,"(90NB0Y81-M00BN0) Quiet Blue / 16"" IPS WUXGA+ / AMD Ryzen 5 5600H / RAM 12 ГБ / SSD 512 ГБ"
Ноутбук ASUS VivoBook 17X K1703ZA-AU147,https://rozetka.com.ua/ua/asus-90nb0wn2-m005z0/p361046133/,27999,,6,(90NB0WN2-M005Z0) Quiet Blue
Ноутбук ASUS ROG Zephyrus G14,https://rozetka.com.ua/ua/asus-90nr0e62-m001w0/p381955206/,77999,,,(2023) GA402NV-N2019
Ноутбук HP Pavilion x360 2-in-1 14-ek1006ua,https://rozetka.com.ua/ua/hp-832s7ea/p382677255/,39555,,,(832S7EA) Pale Rose Gold
Ноутбук ASUS Vivobook 13 Slate OLED T3300KA-LQ157W,https://rozetka.com.ua/ua/asus-90nb0vc2-m00ly0/p374525616/,25999,,3,(90NB0VC2-M00LY0) Indie Black
Ноутбук ASUS Vivobook 16X M1603IA-MB082,https://rozetka.com.ua/ua/asus-90nb0y42-m003r0/p363149358/,22499,,1,(90NB0Y42-M003R0) Transparent Silver
Ноутбук ASUS Vivobook Go 15 E510KA-BQ296,https://rozetka.com.ua/ua/asus-90nb0uj5-m00bm0/p362155683/,14444,,2,(90NB0UJ5-M00BM0) Star Black/ Intel Pentium Silver N6000 / RAM 8 ГБ / SSD 256 ГБ
Ноутбук HP Laptop 15-fd0035ua,https://rozetka.com.ua/ua/hp-834s0ea/p386495886/,31055,,,(834S0EA) Natural Silver
"Ноутбук Apple MacBook Pro 14"" M2 Max 32/1TB 2023",https://rozetka.com.ua/ua/apple-mphg3ua-a/p364915029/,153999,174999,6,(MPHG3UA/A) Space Gray
Ноутбук Dell Inspiron 3520,https://rozetka.com.ua/ua/dell-i35716s3nil-20b/p384973716/,29999,,,(I35716S3NIL-20B)
Ноутбук Acer Swift 3 SF314-44-R95H,https://rozetka.com.ua/ua/acer-nxk0ueu006/p360599616/,29999,,2,(NX.K0UEU.006) Pure Silver
Ноутбук Pixus Vix Silver/Black,https://rozetka.com.ua/ua/pixus-vix-fhd-ips-8-128-n4200/p371579073/,8999,10999,6,(21DJ00BRRA) Mineral Grey
Ноутбук Lenovo V15 G2 ITL,https://rozetka.com.ua/ua/lenovo-82kb003lra/p328597594/,18999,19999,,(82KB003LRA) Black / Intel Core i5-1135G7 / RAM 8 ГБ / SSD 256 ГБ
Ноутбук Xiaomi Mi RedmiBook 15,https://rozetka.com.ua/ua/xiaomi-jyu4506ap/p376899948/,21999,24999,2,(JYU4506AP) Charcoal Gray
Ноутбук HP Pavilion 15-eg2034ua,https://rozetka.com.ua/ua/hp-832x3ea/p384742176/,35255,,,(832X3EA) Ceramic White
Ноутбук Lenovo IdeaPad 1 15IAU7,https://rozetka.com.ua/ua/lenovo-82qd008bra/p384040263/,16999,,,(82QD008BRA) Cloud Grey
Ноутбук HP ProBook 445 G9,https://rozetka.com.ua/ua/hp-6s6x6ea/p377732541/,32599,,,(6S6X6EA) Silver
Ноутбук HP Laptop 15-fd0038ua,https://rozetka.com.ua/ua/hp-834n4ea/p386502546/,25899,,,(834N4EA) Diamond White
Ноутбук ASUS ROG Strix G17 2023 G713PI-HX070,https://rozetka.com.ua/ua/asus-90nr0gg4-m005u0/p381084519/,85999,89999,,"(90NR0GG4-M005U0) Eclipse Gray / 17.3"" IPS Full HD 144 Гц / AMD Ryzen 9 7845HX / RAM 32 ГБ / SSD 1 ТБ / nVidia GeForce RTX 4070"
Ноутбук HP 245 G8,https://rozetka.com.ua/ua/hp-3z6t2es/p336315754/,20399,,,(3Z6T2ES) Dark Ash Silver
Ноутбук HP ZBook Power G9,https://rozetka.com.ua/ua/hp-4t510av-v5/p372554565/,65399,,,(4T510AV_V5) Silver
Ноутбук HP Probook 450 G9,https://rozetka.com.ua/ua/hp-7m9x9es/p384608784/,38999,,,(7M9X9ES) Silver
Ноутбук ASUS ZenBook 15 OLED UM3504DA-NX149,https://rozetka.com.ua/ua/asus-90nb1161-m005j0/p381406944/,49999,,1,(90NB1161-M005J0) Ponder Blue
Ноутбук ASUS Zenbook 14 OLED UX3402ZA-KM411W,https://rozetka.com.ua/ua/asus-90nb0wc1-m00vw0/p370836276/,47999,,1,(90NB0WC1-M00VW0) Ponder Blue
Ноутбук Thomson Neo N15 15.6,https://rozetka.com.ua/ua/thomson-ua-n15c8sl512/p369937329/,12499,,2,(UA-N15C8SL512) Silver
Ноутбук ASUS Laptop X515JA-BR3971W,https://rozetka.com.ua/ua/asus-90nb0sr1-m02xx0/p365521023/,18999,,6,(90NB0SR1-M02XX0) Slate Grey / Intel Core i3-1005G1 / RAM 8 ГБ / SSD 256 ГБ / Windows 11 Home
Ноутбук Lenovo IdeaPad 5 15IAL7,https://rozetka.com.ua/ua/lenovo-82sf00g8ra/p375404691/,31499,31699,1,(82SF00G8RA) Storm Grey / Intel Core i7-1255U / RAM 16 ГБ / SSD 512 ГБ
Ноутбук Acer Extensa 15 EX215-31-P87Q,https://rozetka.com.ua/ua/acer_nx_efteu_01n/p276718618/,12999,,11,(NX.EFTEU.01N) Shale Black
"Ноутбук Apple MacBook Pro 16"" M2 Max 64/1TB 2023 Custom",https://rozetka.com.ua/ua/apple-z174000nl/p386372418/,228999,266999,,(Z174000NL) Space Gray
Ноутбук 2E Complex Pro 17,https://rozetka.com.ua/ua/2e-ns70pu-17ua52/p375931026/,44999,,,(NS70PU-17UA52) Black
Ноутбук Lenovo IdeaPad 1 14IGL7,https://rozetka.com.ua/ua/lenovo-82v60055ra/p376351602/,12999,13999,,(82V60055RA) Cloud Grey / Intel Celeron N4020 / RAM 8 ГБ / SSD 256 ГБ
"Ноутбук Apple MacBook Air 13.6"" M2 16/256GB 2022 Custom",https://rozetka.com.ua/ua/apple-z15s0014h/p386376252/,74999,94999,,(Z15S0014H) Space Gray
Ноутбук Lenovo ThinkPad X1 Extreme Gen 5,https://rozetka.com.ua/ua/lenovo-21de0029ra/p362734737/,129999,133089,,(21DE0029RA) Black + 1 рік захисту від випадкових пошкоджень від Lenovo
"Ноутбук Apple MacBook Air 13.6"" M2 24/512GB 2022 Custom",https://rozetka.com.ua/ua/apple-z15s0014r/p386347719/,104999,121999,,(Z15S0014R) Space Gray
Ноутбук Lenovo IdeaPad 1 15ADA7,https://rozetka.com.ua/ua/lenovo-82r1008nra/p367027809/,15399,15999,,(82R1008NRA) Cloud Grey / AMD Athlon Silver 3050U / RAM 8 ГБ / SSD 256 ГБ / Windows 11 Home
Ноутбук ASUS Laptop X515MA-EJ435,https://rozetka.com.ua/ua/asus-90nb0th1-m09420/p338993929/,11399,14999,32,"(90NB0TH1-M09420) Slate Grey / 15.6"" Full HD / Intel Celeron N4020 / RAM 4 ГБ / SSD 256 ГБ"
Ноутбук ASUS Laptop X515EA-EJ3688,https://rozetka.com.ua/ua/asus-90nb0ty1-m03yy0/p373574556/,13999,,1,(90NB0TY1-M03YY0) Slate Grey
Ноутбук ASUS ZenBook 14X UX5401ZA-KP181,https://rozetka.com.ua/ua/asus-90nb0wm2-m00990/p364638882/,41999,,3,(90NB0WM2-M00990) Pine Grey
Ноутбук ASUS Vivobook 16X M1603QA-MB195,https://rozetka.com.ua/ua/asus-90nb0y82-m00bp0/p379871646/,23999,28999,,"(90NB0Y82-M00BP0) Transparent Silver / 16"" WUXGA+ / AMD Ryzen 5 5600H / RAM 12 ГБ / SSD 512 ГБ"
Ноутбук Prestigio SmartBook 141 С7,https://rozetka.com.ua/ua/prestigio-psb141c07chh-mg-cis/p335740168/,9699,10599,22,(PSB141C07CHH_MG_CIS) Silver
Ноутбук Lenovo IdeaPad Gaming 3 16ARH7,https://rozetka.com.ua/ua/lenovo-82sc007rra/p364501893/,38999,,1,(82SC007RRA) Onyx Grey
"Ноутбук Apple MacBook Pro 13"" M2 8/256Gb 2022",https://rozetka.com.ua/ua/apple-macbook-pro-13-m2-256gb-2022-space-gray/p343443694/,62999,71999,3,(MNEH3UA/A) Space Gray
Ноутбук Dream Machines RG3060-17,https://rozetka.com.ua/ua/dream_machines_rg3060_17ua37/p346331895/,62999,64999,,(RG3060-17UA37)
Ноутбук Lenovo ThinkPad T16 Gen 1,https://rozetka.com.ua/ua/lenovo-21bv0023ra/p355901820/,79999,80499,,(21BV0023RA) Thunder Black + 1 рік захисту від випадкових пошкоджень від Lenovo
Ноутбук ASUS Vivobook 16X K3605ZF-N1098,https://rozetka.com.ua/ua/asus-90nb11e2-m003c0/p386788017/,39999,,,(90NB11E2-M003C0) Cool Silver
Ноутбук ASUS ZenBook 14X OLED UX3404VA-M9024WS,https://rozetka.com.ua/ua/asus-90nb1081-m00180/p374354298/,65999,,,(90NB1081-M00180) Inkwell Gray
Ноутбук ASUS ROG Flow X13,https://rozetka.com.ua/ua/asus-90nr0a21-m00by0/p370791261/,61999,,,(2022) GV301RE-LJ143
Ноутбук Lenovo IdeaPad 3 15IGL05,https://rozetka.com.ua/ua/lenovo-81wq0030ra/p309284463/,12999,,3,(81WQ0030RA) Business Black
Ноутбук MSI Thin GF63 12VE,https://rozetka.com.ua/ua/msi-12ve-230xua/p376984629/,56999,57999,,(12VE-230XUA) Black
Ноутбук HP ZBook Firefly 16 G9,https://rozetka.com.ua/ua/hp-6k386av-v1/p370854423/,61299,,,(6K386AV_V1) Silver
Ноутбук Lenovo ThinkBook 14s Yoga G2 IAP,https://rozetka.com.ua/ua/lenovo-21dm0021ra/p365628198/,50999,,,(21DM0021RA) Mineral Grey
Ноутбук HP ProBook 450 G9,https://rozetka.com.ua/ua/hp-674n1av-v5/p366895296/,41999,,,(674N1AV_V5) Silver
Ноутбук Dream Machines RG4060-15,https://rozetka.com.ua/ua/dream-machines-rg4060-15ua28/p374539836/,68999,70499,,(RG4060-15UA28)
Ноутбук HP 250 G9,https://rozetka.com.ua/ua/hp-723q9ea/p376241571/,25955,,,(723Q9EA) Gray
Ноутбук Acer Aspire 3 A315-510P-C7KB,https://rozetka.com.ua/ua/acer-nxkdheu003/p386180520/,14299,,,(NX.KDHEU.003) Pure Silver
Ноутбук 2E Imaginary 15,https://rozetka.com.ua/ua/2e-nl50mu-15ua51/p375946089/,29999,,,(NL50MU-15UA51) Black
Ноутбук Durabook S15AB,https://rozetka.com.ua/ua/durabook-s5a5b3c1eaax/p374487765/,103553,,,(S5A5B3C1EAAX) Black
Ноутбук Acer Swift 1 SF114-34-P4S8,https://rozetka.com.ua/ua/acer-nxa77eu00t/p377350131/,16499,,2,(NX.A77EU.00T) Pure Silver
Ноутбук Lenovo IdeaPad Slim 3 15AMN8,https://rozetka.com.ua/ua/lenovo-82xq009hra/p389016597/,22999,28999,,"(82XQ009HRA) Arctic Grey / 15.6"" IPS Full HD / AMD Ryzen 5 7520U / RAM 16 ГБ / SSD 512 ГБ"
Ноутбук ASUS ROG Strix Scar 18,https://rozetka.com.ua/ua/asus-90nr0cg1-m005v0/p383789544/,179999,199999,,(2023) G834JY-N6078X
Ноутбук HP ProBook 455 G9,https://rozetka.com.ua/ua/hp-5y3p6ea/p377427813/,49999,,,(5Y3P6EA) Silver
Ноутбук Lenovo ThinkPad X1 Yoga Gen 7,https://rozetka.com.ua/ua/lenovo-21cd0011ra/p362744922/,95999,96999,,(21CD0011RA) Storm Grey
Ноутбук HP EliteBook 655 G9,https://rozetka.com.ua/ua/hp-4k068av-v3/p372580032/,62399,,,(4K068AV_V3) Silver
"Ноутбук Apple MacBook Pro 16"" M2 Pro 16/1TB 2023",https://rozetka.com.ua/ua/apple-mnwd3ua-a/p364910619/,134999,,1,(MNWD3UA/A) Silver
Ноутбук CHUWI HeroBook Air 2023,https://rozetka.com.ua/ua/384598869/p384598869/,8880,11990,2,(CW-102963)
Ноутбук YEPO 737J8 PRO,https://rozetka.com.ua/ua/362323602/p362323602/,14990,18550,9,(8/512) Aluminum
Ноутбук CHUWI HeroBook PRO,https://rozetka.com.ua/ua/267371746/p267371746/,12690,15999,6,(CW-102448)
Ноутбук CHUWI HeroBook Air та Оригінальний Рюкзак,https://rozetka.com.ua/ua/384184239/p384184239/,9490,11990,,(CW-102949)
Ноутбук CHUWI CoreBook X i3,https://rozetka.com.ua/ua/385393032/p385393032/,16990,18550,,(8/512)
Ноутбук CHUWI HeroBook PRO та Оригінальний Рюкзак,https://rozetka.com.ua/ua/384184236/p384184236/,12550,13990,,(CW-102950)
Ноутбук CHUWI GemiBook X,https://rozetka.com.ua/ua/332074432/p332074432/,17990,19990,17,(8/256)
Ноутбук Hp Probook 450 G8,https://rozetka.com.ua/ua/381855849/p381855849/,32999,37003,,"(15.6"" i7-1165G7/16 Gbb/SSD 256Gb)"
Ноутбук CHUWI CoreBook X i5,https://rozetka.com.ua/ua/385466475/p385466475/,19990,21550,,(8/512)
Ноутбук Asus A515FA,https://rozetka.com.ua/ua/363118593/p363118593/,18800,19900,,"(A515FA-EJ106WS) сірий 15,6"", 1920×1080 HD, Core i3-10110U, 4,1 ГГц, SSD 128 ГБ, DDR4 4 GB, Windows 11"
